{
  "train_loss": [
    1.990468748978206,
    1.5023061230736954,
    1.365108590833947,
    1.29881597016038,
    1.241852140977603,
    1.20777086633928,
    1.1693841768246072,
    1.1418534334467239,
    1.1275043247961531,
    1.0997505937637735,
    1.0904795499075026,
    1.0713173120963473,
    1.0573040261155082,
    1.04800908271672,
    1.0357944017030947,
    1.0258289230804818,
    1.0177265115979672,
    1.0099114069417745,
    1.0079446375703944,
    0.9954093804880351,
    0.9916330040836868,
    0.9888527000150761,
    0.9832404023792898,
    0.9848879024762065,
    0.976978673737924,
    0.9752987905376765,
    0.9722474878575621,
    0.9763571211770803,
    0.9699614320148607,
    0.970452963220639
  ],
  "val_loss": [
    1.4183710053563119,
    1.230824164301157,
    1.154290047287941,
    1.1080335661768914,
    1.100893284380436,
    1.0530126519501208,
    1.019039772450924,
    1.0048410072922707,
    0.986008732765913,
    0.9784430727362633,
    0.9695243902504445,
    0.9536512598395348,
    0.9483376733958722,
    0.9386447675526142,
    0.9303520053625107,
    0.9221136324107647,
    0.916921004652977,
    0.9119573116302491,
    0.9063852876424789,
    0.9038748934864997,
    0.9017428934574128,
    0.8975530199706554,
    0.8946712002158165,
    0.8934337325394154,
    0.8917757473886013,
    0.8917004585266113,
    0.8894452810287475,
    0.8897177889943123,
    0.8915233939886094,
    0.8895238637924194
  ],
  "train_iou": [
    0.2952027004869827,
    0.41086803368631786,
    0.4417749747705832,
    0.4562046917820693,
    0.4699045150527644,
    0.47982187394308196,
    0.5031571491628405,
    0.5168021716541548,
    0.5212957189257462,
    0.5314744266332215,
    0.5366344209608015,
    0.5451583828348344,
    0.5490424834291933,
    0.5567690951681638,
    0.5572268815728053,
    0.5624005147948326,
    0.5688951972414091,
    0.5690110125643053,
    0.5710879316719447,
    0.5763386832593361,
    0.5768452152674935,
    0.5786984174048007,
    0.5793309446869934,
    0.5796247184936811,
    0.5843829062765515,
    0.5857471520121815,
    0.5866720100224972,
    0.5831388728711915,
    0.5860648172506799,
    0.5880767036699889
  ],
  "val_iou": [
    0.35199466849596417,
    0.40917262976726754,
    0.42719238045256736,
    0.45350936259824914,
    0.45524480894372416,
    0.46284628082739393,
    0.4987650294291476,
    0.486015965668577,
    0.511498707677769,
    0.5183393218053693,
    0.5133114981481303,
    0.5331696909927349,
    0.5333129264459398,
    0.5444786343722982,
    0.5487651524578692,
    0.5456468539435169,
    0.5569149663527255,
    0.5640785286389569,
    0.5678250640871545,
    0.5691984283896939,
    0.5614622515945193,
    0.5697242397645725,
    0.5720099477391757,
    0.5705243828674476,
    0.5720690505287707,
    0.5734082779138246,
    0.5743895345068877,
    0.5750815577067007,
    0.5731154278970123,
    0.5733422704589449
  ],
  "val_acc": [
    0.820768091082573,
    0.8374438211321831,
    0.8364484943449497,
    0.8370157867670059,
    0.838714012503624,
    0.8446571715176105,
    0.8535955183207988,
    0.8485693782567978,
    0.854303776472807,
    0.8502852886915206,
    0.8490704528987407,
    0.8555803894996643,
    0.859359560906887,
    0.8570158377289772,
    0.8609607428312301,
    0.8600328609347343,
    0.8609050244092942,
    0.8599788054823876,
    0.8653773069381714,
    0.8622528605163098,
    0.861352801322937,
    0.8634457632899284,
    0.8658594951033592,
    0.8641862116754055,
    0.8636409573256969,
    0.8632808640599251,
    0.865027130395174,
    0.864400826394558,
    0.8663029804825783,
    0.8646491445600987
  ],
  "lr": [
    4.9863047384206835e-05,
    4.9453690018345144e-05,
    4.877641290737884e-05,
    4.7838636441065016e-05,
    4.665063509461097e-05,
    4.522542485937369e-05,
    4.357862063693486e-05,
    4.172826515897146e-05,
    3.969463130731183e-05,
    3.7500000000000003e-05,
    3.516841607689502e-05,
    3.272542485937369e-05,
    3.0197792270443985e-05,
    2.7613211581691344e-05,
    2.500000000000001e-05,
    2.2386788418308672e-05,
    1.9802207729556017e-05,
    1.7274575140626318e-05,
    1.4831583923105e-05,
    1.2500000000000007e-05,
    1.0305368692688176e-05,
    8.271734841028555e-06,
    6.421379363065152e-06,
    4.774575140626318e-06,
    3.349364905389034e-06,
    2.1613635589349765e-06,
    1.223587092621162e-06,
    5.46309981654858e-07,
    1.3695261579316502e-07,
    0.0
  ]
}